{
  "timestamp": 1775110049.5797358,
  "source": "runtime_update",
  "step_id": 265,
  "alpha_comp": {
    "0": 0.8000000000000003,
    "1": 0.8992155588155983,
    "2": 1.6800469386401153,
    "3": 1.2522644912656908
  },
  "beta_comm": {
    "0": 1.193844691864649,
    "1": 2.381672916575585,
    "2": 1.7340015800956348,
    "3": 1.6846702627245198
  },
  "partition": {
    "gpu_assignment": [
      0,
      1,
      2,
      3
    ],
    "snet_partition": [
      4,
      11,
      16,
      26
    ],
    "tnet_partition": [
      5,
      8,
      6,
      11
    ]
  }
}