{
  "timestamp": 1775109769.9242303,
  "trigger_policy": "REPLAN",
  "step_id": 70,
  "partition": {
    "gpu_assignment": [
      0,
      1,
      2,
      3
    ],
    "snet_partition": [
      4,
      11,
      16,
      26
    ],
    "tnet_partition": [
      5,
      8,
      6,
      11
    ],
    "snet_stage_boundaries": [
      [
        0,
        4
      ],
      [
        4,
        15
      ],
      [
        15,
        31
      ],
      [
        31,
        57
      ]
    ],
    "tnet_stage_boundaries": [
      [
        0,
        5
      ],
      [
        5,
        13
      ],
      [
        13,
        19
      ],
      [
        19,
        30
      ]
    ]
  },
  "alpha_comp": {
    "0": 2.7851497754654004,
    "1": 0.8000193420843342,
    "2": 0.9891762333491081,
    "3": 0.8000043873901281
  },
  "beta_comm": {
    "0": 0.8015501045095783,
    "1": 0.895496256641674,
    "2": 0.8655593379176559,
    "3": 0.8415567572047276
  },
  "restart_overhead": {
    "formula": "4.37 + 50 * T_base",
    "t_base": 0.131068344116211,
    "value": 10.92341720581055
  },
  "checkpoint_path": "./results/e2e_failover_batch32_0402_updated/failover_checkpoint_latest.pth"
}