{
  "timestamp": 1775484676.3403697,
  "source": "runtime_update",
  "step_id": 217,
  "alpha_comp": {
    "0": 1.8903260612176145,
    "1": 0.8000000000000003,
    "2": 0.8000000000000003,
    "3": 0.8000000000000003
  },
  "beta_comm": {
    "0": 1.2368156626973201,
    "1": 1.7353972890972065,
    "2": 1.5722176522850637,
    "3": 1.617896452519413
  },
  "partition": {
    "gpu_assignment": [
      0,
      1,
      2,
      3
    ],
    "snet_partition": [
      10,
      11,
      16,
      20
    ],
    "tnet_partition": [
      9,
      6,
      6,
      9
    ]
  }
}