{
  "timestamp": 1775480214.2155428,
  "source": "runtime_update",
  "step_id": 2960,
  "alpha_comp": {
    "0": 5.646185735839779,
    "1": 0.8000000000000003,
    "2": 1.098856352564996,
    "3": 0.8000000000000003
  },
  "beta_comm": {
    "0": 0.8000000000000003,
    "1": 0.8927052471754369,
    "2": 0.9927327276390263,
    "3": 1.1752987979800593
  },
  "partition": {
    "gpu_assignment": [
      0,
      1,
      2,
      3
    ],
    "snet_partition": [
      10,
      11,
      16,
      20
    ],
    "tnet_partition": [
      9,
      6,
      6,
      9
    ]
  }
}