{
  "timestamp": 1775614472.1933832,
  "source": "runtime_update",
  "step_id": 3952,
  "alpha_comp": {
    "0": 0.8527727553190592,
    "1": 0.8000000000000003,
    "2": 0.8000000000000003,
    "3": 0.8000000000004359
  },
  "beta_comm": {
    "0": 0.8000494928509905,
    "1": 1.2152101180268033,
    "2": 0.9200332293428859,
    "3": 0.873455338007252
  },
  "partition": {
    "gpu_assignment": [
      0,
      1,
      2,
      3
    ],
    "snet_partition": [
      12,
      13,
      15,
      17
    ],
    "tnet_partition": [
      9,
      6,
      6,
      9
    ]
  }
}