{
  "timestamp": 1774243240.1030085,
  "trigger_policy": "REPLAN",
  "step_id": 110,
  "partition": {
    "gpu_assignment": [
      0,
      1,
      2,
      3
    ],
    "snet_partition": [
      13,
      12,
      18,
      14
    ],
    "tnet_partition": [
      10,
      7,
      6,
      7
    ],
    "snet_stage_boundaries": [
      [
        0,
        13
      ],
      [
        13,
        25
      ],
      [
        25,
        43
      ],
      [
        43,
        57
      ]
    ],
    "tnet_stage_boundaries": [
      [
        0,
        10
      ],
      [
        10,
        17
      ],
      [
        17,
        23
      ],
      [
        23,
        30
      ]
    ]
  },
  "alpha_comp": {
    "0": 0.5000006129982165,
    "1": 0.5127057275438259,
    "2": 0.5000006129982165,
    "3": 0.6926079792878304
  },
  "beta_comm": {
    "0": 1.9282019211582169,
    "1": 1.608421939424663,
    "2": 1.610129890855477,
    "3": 2.833421998019229
  },
  "restart_overhead": {
    "formula": "4.37 + 50 * T_base",
    "t_base": 187.67573697733144,
    "value": 9388.156848866573
  },
  "checkpoint_path": "./results/e2e_failover_po/failover_checkpoint_latest.pth"
}