{
  "timestamp": 1774444768.3574133,
  "trigger_policy": "DEGRADE",
  "step_id": 130,
  "partition": {
    "gpu_assignment": [
      0,
      2,
      3
    ],
    "snet_partition": [
      14,
      18,
      25
    ],
    "tnet_partition": [
      11,
      8,
      11
    ],
    "snet_stage_boundaries": [
      [
        0,
        14
      ],
      [
        14,
        32
      ],
      [
        32,
        57
      ]
    ],
    "tnet_stage_boundaries": [
      [
        0,
        11
      ],
      [
        11,
        19
      ],
      [
        19,
        30
      ]
    ]
  },
  "alpha_comp": {
    "0": 2.973088817636689,
    "1": 2.9697149495314665,
    "2": 2.9570198666795546,
    "3": 2.942507828531868
  },
  "beta_comm": {
    "0": 2.9769415699078636,
    "1": 2.9769415699078636,
    "2": 2.975968172214734,
    "3": 2.9700278207135655
  },
  "restart_overhead": {
    "formula": "4.37 + 50 * T_base",
    "t_base": 0.19078708995007948,
    "value": 13.909354497503973
  },
  "checkpoint_path": "./results/e2e_failover_po/failover_checkpoint_latest.pth"
}