{
  "timestamp": 1775393961.746126,
  "source": "runtime_update",
  "step_id": 3952,
  "alpha_comp": {
    "0": 0.8519156698229843,
    "1": 0.8000000000000003,
    "2": 0.8000000000000003,
    "3": 0.8000000000000003
  },
  "beta_comm": {
    "0": 1.09109819031996,
    "1": 1.04907982699329,
    "2": 0.8191205213955073,
    "3": 0.941529209217041
  },
  "partition": {
    "gpu_assignment": [
      0,
      1,
      2,
      3
    ],
    "snet_partition": [
      12,
      13,
      15,
      17
    ],
    "tnet_partition": [
      9,
      6,
      6,
      9
    ]
  }
}