{
  "timestamp": 1774860901.3890882,
  "trigger_policy": "REPLAN",
  "step_id": 300,
  "partition": {
    "gpu_assignment": [
      0,
      1,
      2,
      3
    ],
    "snet_partition": [
      10,
      7,
      16,
      24
    ],
    "tnet_partition": [
      9,
      4,
      7,
      10
    ],
    "snet_stage_boundaries": [
      [
        0,
        10
      ],
      [
        10,
        17
      ],
      [
        17,
        33
      ],
      [
        33,
        57
      ]
    ],
    "tnet_stage_boundaries": [
      [
        0,
        9
      ],
      [
        9,
        13
      ],
      [
        13,
        20
      ],
      [
        20,
        30
      ]
    ]
  },
  "alpha_comp": {
    "0": 0.831252004865253,
    "1": 0.8683960698434227,
    "2": 0.6353390237446294,
    "3": 0.5263549509007814
  },
  "beta_comm": {
    "0": 2.20432457401675,
    "1": 2.1305746638231167,
    "2": 2.022255635188883,
    "3": 1.9514355256059601
  },
  "restart_overhead": {
    "formula": "4.37 + 50 * T_base",
    "t_base": 0.44908054572559475,
    "value": 26.824027286279737
  },
  "checkpoint_path": "./results/e2e_failover_0330/failover_checkpoint_latest.pth"
}