{
  "timestamp": 1774241854.8539016,
  "trigger_policy": "REPLAN",
  "step_id": 210,
  "partition": {
    "gpu_assignment": [
      0,
      1,
      2,
      3
    ],
    "snet_partition": [
      15,
      12,
      11,
      19
    ],
    "tnet_partition": [
      11,
      6,
      4,
      9
    ],
    "snet_stage_boundaries": [
      [
        0,
        15
      ],
      [
        15,
        27
      ],
      [
        27,
        38
      ],
      [
        38,
        57
      ]
    ],
    "tnet_stage_boundaries": [
      [
        0,
        11
      ],
      [
        11,
        17
      ],
      [
        17,
        21
      ],
      [
        21,
        30
      ]
    ]
  },
  "alpha_comp": {
    "0": 0.5000000000000081,
    "1": 0.59202660776897,
    "2": 0.8845243848854587,
    "3": 0.5000000000000003
  },
  "beta_comm": {
    "0": 1.928201308471333,
    "1": 1.6082013084230042,
    "2": 1.6232069573976349,
    "3": 2.828201308807384
  },
  "restart_overhead": {
    "formula": "4.37 + 50 * T_base",
    "t_base": 221.48384748797156,
    "value": 11078.562374398578
  },
  "checkpoint_path": "./results/e2e_failover_final_fix_v3_retry/failover_checkpoint_latest.pth"
}