{
  "timestamp": 1774764939.9834483,
  "trigger_policy": "REPLAN",
  "step_id": 200,
  "partition": {
    "gpu_assignment": [
      0,
      1,
      2,
      3
    ],
    "snet_partition": [
      11,
      11,
      16,
      19
    ],
    "tnet_partition": [
      10,
      5,
      7,
      8
    ],
    "snet_stage_boundaries": [
      [
        0,
        11
      ],
      [
        11,
        22
      ],
      [
        22,
        38
      ],
      [
        38,
        57
      ]
    ],
    "tnet_stage_boundaries": [
      [
        0,
        10
      ],
      [
        10,
        15
      ],
      [
        15,
        22
      ],
      [
        22,
        30
      ]
    ]
  },
  "alpha_comp": {
    "0": 0.9912501503289479,
    "1": 0.9902662853931958,
    "2": 0.9704154014006672,
    "3": 1.0217892124005261
  },
  "beta_comm": {
    "0": 1.242994308137995,
    "1": 1.3561307306048183,
    "2": 1.363913885562423,
    "3": 1.2144688300298605
  },
  "restart_overhead": {
    "formula": "4.37 + 50 * T_base",
    "t_base": 1.2299567611617808,
    "value": 65.86783805808903
  },
  "checkpoint_path": "./results/e2e_failover_frontslow_1/failover_checkpoint_latest.pth"
}