{
  "timestamp": 1774446791.127414,
  "trigger_policy": "REPLAN",
  "step_id": 660,
  "partition": {
    "gpu_assignment": [
      0,
      1,
      2,
      3
    ],
    "snet_partition": [
      10,
      11,
      16,
      20
    ],
    "tnet_partition": [
      9,
      5,
      7,
      9
    ],
    "snet_stage_boundaries": [
      [
        0,
        10
      ],
      [
        10,
        21
      ],
      [
        21,
        37
      ],
      [
        37,
        57
      ]
    ],
    "tnet_stage_boundaries": [
      [
        0,
        9
      ],
      [
        9,
        14
      ],
      [
        14,
        21
      ],
      [
        21,
        30
      ]
    ]
  },
  "alpha_comp": {
    "0": 1.1379550892528862,
    "1": 1.147346874274516,
    "2": 1.091358711274166,
    "3": 1.0747757432856855
  },
  "beta_comm": {
    "0": 1.168871607013557,
    "1": 1.1910126590884564,
    "2": 1.1749052289280129,
    "3": 1.1336885564444876
  },
  "restart_overhead": {
    "formula": "4.37 + 50 * T_base",
    "t_base": 1.6913886401194786,
    "value": 88.93943200597394
  },
  "checkpoint_path": "./results/e2e_failover_po3/failover_checkpoint_latest.pth"
}