{
  "timestamp": 1775400804.62682,
  "source": "runtime_update",
  "step_id": 982,
  "alpha_comp": {
    "0": 0.8000000000000003,
    "1": 1.7346472754768558,
    "2": 1.175689905843186,
    "3": 0.9079682821908278
  },
  "beta_comm": {
    "0": 1.687978648023245,
    "1": 1.4927392747422643,
    "2": 1.6479658280582994,
    "3": 1.1655503520040997
  },
  "partition": {
    "gpu_assignment": [
      0,
      1,
      2,
      3
    ],
    "snet_partition": [
      4,
      13,
      19,
      21
    ],
    "tnet_partition": [
      4,
      8,
      8,
      10
    ]
  }
}