{
  "timestamp": 1775399320.3865802,
  "trigger_policy": "REPLAN",
  "step_id": 410,
  "partition": {
    "gpu_assignment": [
      0,
      1,
      2,
      3
    ],
    "snet_partition": [
      4,
      13,
      19,
      21
    ],
    "tnet_partition": [
      4,
      8,
      8,
      10
    ],
    "snet_stage_boundaries": [
      [
        0,
        4
      ],
      [
        4,
        17
      ],
      [
        17,
        36
      ],
      [
        36,
        57
      ]
    ],
    "tnet_stage_boundaries": [
      [
        0,
        4
      ],
      [
        4,
        12
      ],
      [
        12,
        20
      ],
      [
        20,
        30
      ]
    ]
  },
  "alpha_comp": {
    "0": 3.960116604175409,
    "1": 0.8000000000000003,
    "2": 0.8000000000000003,
    "3": 0.8000000000000003
  },
  "beta_comm": {
    "0": 0.8000545110587176,
    "1": 0.9249353210246827,
    "2": 0.9806047097129116,
    "3": 0.9450252546256905
  },
  "restart_overhead": {
    "formula": "4.37 + 50 * T_base",
    "t_base": 0.1705320596694946,
    "value": 12.896602983474732
  },
  "checkpoint_path": "./results/e2e_failover_batch128_40_60_20260405_141530/failover_checkpoint_latest.pth"
}