{
  "timestamp": 1775496268.2845953,
  "source": "runtime_update",
  "step_id": 15829,
  "alpha_comp": {
    "0": 0.8000000000000003,
    "1": 0.8000000000000003,
    "2": 0.8000000000000003,
    "3": 0.8000000000000003
  },
  "beta_comm": {
    "0": 1.0947274231163404,
    "1": 0.9878065900771069,
    "2": 1.1984590959347194,
    "3": 1.2556592239016338
  },
  "partition": {
    "gpu_assignment": [
      0,
      1,
      2,
      3
    ],
    "snet_partition": [
      16,
      13,
      13,
      15
    ],
    "tnet_partition": [
      9,
      6,
      6,
      9
    ]
  }
}