{
  "timestamp": 1775429888.9455872,
  "source": "runtime_update",
  "step_id": 12354,
  "alpha_comp": {
    "0": 9.999999999999996,
    "1": 0.8000000000000003,
    "2": 0.8000000000000003,
    "3": 0.8000000000000003
  },
  "beta_comm": {
    "0": 0.8831284130764334,
    "1": 0.9847344582610325,
    "2": 0.8789189379517633,
    "3": 0.8331525778074333
  },
  "partition": {
    "gpu_assignment": [
      0,
      1,
      2,
      3
    ],
    "snet_partition": [
      16,
      13,
      13,
      15
    ],
    "tnet_partition": [
      9,
      6,
      6,
      9
    ]
  }
}