{
  "timestamp": 1775467088.305971,
  "source": "runtime_update",
  "step_id": 2960,
  "alpha_comp": {
    "0": 0.8100851769478272,
    "1": 1.7263874396807768,
    "2": 1.0495762650450013,
    "3": 0.9399133448299072
  },
  "beta_comm": {
    "0": 0.8000000000000003,
    "1": 1.7858333218306324,
    "2": 0.8000102483811163,
    "3": 0.8000663834657621
  },
  "partition": {
    "gpu_assignment": [
      0,
      1,
      2,
      3
    ],
    "snet_partition": [
      5,
      16,
      17,
      19
    ],
    "tnet_partition": [
      3,
      8,
      8,
      11
    ]
  }
}