{
  "timestamp": 1775455290.9480915,
  "trigger_policy": "REPLAN",
  "step_id": 600,
  "partition": {
    "gpu_assignment": [
      0,
      1,
      2,
      3
    ],
    "snet_partition": [
      5,
      16,
      17,
      19
    ],
    "tnet_partition": [
      3,
      8,
      8,
      11
    ],
    "snet_stage_boundaries": [
      [
        0,
        5
      ],
      [
        5,
        21
      ],
      [
        21,
        38
      ],
      [
        38,
        57
      ]
    ],
    "tnet_stage_boundaries": [
      [
        0,
        3
      ],
      [
        3,
        11
      ],
      [
        11,
        19
      ],
      [
        19,
        30
      ]
    ]
  },
  "alpha_comp": {
    "0": 5.335100756898763,
    "1": 0.80000001903689,
    "2": 0.8000000122641999,
    "3": 0.8000000000000003
  },
  "beta_comm": {
    "0": 0.8055203729226217,
    "1": 1.0051777662190666,
    "2": 1.6532364953128509,
    "3": 1.3508672003333535
  },
  "restart_overhead": {
    "formula": "4.37 + 50 * T_base",
    "t_base": 0.1727505445480347,
    "value": 13.007527227401734
  },
  "checkpoint_path": "./results/e2e_failover_batch128_30_100_0406_20260406_054238/failover_checkpoint_latest.pth"
}