{
  "timestamp": 1775046292.3659503,
  "source": "runtime_update",
  "step_id": 350,
  "alpha_comp": {
    "0": 1.6458390035945167,
    "1": 1.1130964437914868,
    "2": 0.8523581799456811,
    "3": 0.8000000000000006
  },
  "beta_comm": {
    "0": 1.3366263093274346,
    "1": 2.771277933833084,
    "2": 2.718531602655374,
    "3": 2.1599224465159246
  },
  "partition": {
    "gpu_assignment": [
      0,
      1,
      2,
      3
    ],
    "snet_partition": [
      9,
      13,
      15,
      20
    ],
    "tnet_partition": [
      9,
      6,
      6,
      9
    ]
  }
}