{
  "timestamp": 1775046292.4341967,
  "trigger_policy": "REPLAN",
  "step_id": 350,
  "partition": {
    "gpu_assignment": [
      0,
      1,
      2,
      3
    ],
    "snet_partition": [
      8,
      7,
      16,
      26
    ],
    "tnet_partition": [
      7,
      5,
      7,
      11
    ],
    "snet_stage_boundaries": [
      [
        0,
        8
      ],
      [
        8,
        15
      ],
      [
        15,
        31
      ],
      [
        31,
        57
      ]
    ],
    "tnet_stage_boundaries": [
      [
        0,
        7
      ],
      [
        7,
        12
      ],
      [
        12,
        19
      ],
      [
        19,
        30
      ]
    ]
  },
  "alpha_comp": {
    "0": 1.6458390035945167,
    "1": 1.1130964437914868,
    "2": 0.8523581799456811,
    "3": 0.8000000000000006
  },
  "beta_comm": {
    "0": 1.3366263093274346,
    "1": 2.771277933833084,
    "2": 2.718531602655374,
    "3": 2.1599224465159246
  },
  "restart_overhead": {
    "formula": "4.37 + 50 * T_base",
    "t_base": 0.1626565361022949,
    "value": 12.502826805114747
  },
  "checkpoint_path": "./results/paper_hard_base_2/failover_checkpoint_latest.pth"
}