{
  "timestamp": 1775395615.5492475,
  "source": "runtime_update",
  "step_id": 1699,
  "alpha_comp": {
    "1": 1.211104550986487,
    "2": 0.8000000000000003,
    "3": 0.9999999999999999,
    "0": 0.9962102842620986
  },
  "beta_comm": {
    "1": 1.043708909124027,
    "2": 1.0386829805001847,
    "3": 1.0,
    "0": 0.8188848761239659
  },
  "partition": {
    "gpu_assignment": [
      1,
      2,
      3
    ],
    "snet_partition": [
      17,
      19,
      21
    ],
    "tnet_partition": [
      12,
      8,
      10
    ]
  }
}