{
  "timestamp": 1775395065.852969,
  "trigger_policy": "DEGRADE",
  "step_id": 1600,
  "partition": {
    "gpu_assignment": [
      1,
      2,
      3
    ],
    "snet_partition": [
      17,
      19,
      21
    ],
    "tnet_partition": [
      12,
      8,
      10
    ],
    "snet_stage_boundaries": [
      [
        0,
        17
      ],
      [
        17,
        36
      ],
      [
        36,
        57
      ]
    ],
    "tnet_stage_boundaries": [
      [
        0,
        12
      ],
      [
        12,
        20
      ],
      [
        20,
        30
      ]
    ]
  },
  "alpha_comp": {
    "1": 0.8000000000000003,
    "2": 0.8000000000000003,
    "3": 0.8000000000000003
  },
  "beta_comm": {
    "1": 0.9526981134495068,
    "2": 0.9392803227494003,
    "3": 1.0453478211468954
  },
  "restart_overhead": {
    "formula": "4.37 + 50 * T_base",
    "t_base": 0.05,
    "value": 6.87
  },
  "checkpoint_path": "./results/e2e_failover_batch32_20260405_130158/failover_checkpoint_latest.pth"
}