{
  "timestamp": 1775488426.3418958,
  "source": "runtime_update",
  "step_id": 982,
  "alpha_comp": {
    "0": 0.8809480376398644,
    "1": 1.082715171408076,
    "2": 0.9411970483552154,
    "3": 0.8000000000000003
  },
  "beta_comm": {
    "0": 0.8000000000000003,
    "1": 1.6824189222394206,
    "2": 1.145527964424806,
    "3": 0.8246495662643221
  },
  "partition": {
    "gpu_assignment": [
      0,
      1,
      2,
      3
    ],
    "snet_partition": [
      15,
      15,
      15,
      12
    ],
    "tnet_partition": [
      9,
      7,
      7,
      7
    ]
  }
}