{
  "timestamp": 1775486494.4019136,
  "trigger_policy": "REPLAN",
  "step_id": 100,
  "partition": {
    "gpu_assignment": [
      0,
      1,
      2,
      3
    ],
    "snet_partition": [
      15,
      15,
      15,
      12
    ],
    "tnet_partition": [
      9,
      7,
      7,
      7
    ],
    "snet_stage_boundaries": [
      [
        0,
        15
      ],
      [
        15,
        30
      ],
      [
        30,
        45
      ],
      [
        45,
        57
      ]
    ],
    "tnet_stage_boundaries": [
      [
        0,
        9
      ],
      [
        9,
        16
      ],
      [
        16,
        23
      ],
      [
        23,
        30
      ]
    ]
  },
  "alpha_comp": {
    "0": 0.9495306502032417,
    "1": 0.8000000000009702,
    "2": 0.8000000000009702,
    "3": 1.2007399473208764
  },
  "beta_comm": {
    "0": 2.84083555107655,
    "1": 0.8611078606874375,
    "2": 1.7778016849874394,
    "3": 1.6914370448187235
  },
  "restart_overhead": {
    "formula": "C_load + D_replan + R_replan * T_base",
    "t_base": 0.17321441650390626,
    "value": 27.030720825195313
  },
  "checkpoint_path": "./results/e2e_failover_bgload_gpu3_replan_strong_b128_e1_20260406_143742/failover_checkpoint_latest.pth"
}