{
  "timestamp": 1775054105.3434503,
  "source": "runtime_update",
  "step_id": 3952,
  "alpha_comp": {
    "0": 0.8000000000000006,
    "1": 0.8266747598382883,
    "2": 0.8003702937982974,
    "3": 1.1062331368573513
  },
  "beta_comm": {
    "0": 1.1859132256899478,
    "1": 1.6605172629827285,
    "2": 1.2735641550271972,
    "3": 1.01694228008369
  },
  "partition": {
    "gpu_assignment": [
      0,
      1,
      2,
      3
    ],
    "snet_partition": [
      12,
      11,
      14,
      20
    ],
    "tnet_partition": [
      10,
      6,
      5,
      9
    ]
  }
}