{
  "timestamp": 1775050680.3305204,
  "trigger_policy": "REPLAN",
  "step_id": 280,
  "partition": {
    "gpu_assignment": [
      0,
      1,
      2,
      3
    ],
    "snet_partition": [
      12,
      11,
      14,
      20
    ],
    "tnet_partition": [
      10,
      6,
      5,
      9
    ],
    "snet_stage_boundaries": [
      [
        0,
        12
      ],
      [
        12,
        23
      ],
      [
        23,
        37
      ],
      [
        37,
        57
      ]
    ],
    "tnet_stage_boundaries": [
      [
        0,
        10
      ],
      [
        10,
        16
      ],
      [
        16,
        21
      ],
      [
        21,
        30
      ]
    ]
  },
  "alpha_comp": {
    "0": 0.800000222653538,
    "1": 0.8000003735683195,
    "2": 0.9350959414081701,
    "3": 0.8000001836294478
  },
  "beta_comm": {
    "0": 0.8078407141378926,
    "1": 1.88790739542911,
    "2": 1.2818552897263236,
    "3": 0.9666921150510419
  },
  "restart_overhead": {
    "formula": "4.37 + 50 * T_base",
    "t_base": 0.13077986240386963,
    "value": 10.908993120193482
  },
  "checkpoint_path": "./results/e2e_failover_batch32_0401/failover_checkpoint_latest.pth"
}