{
  "timestamp": 1775098868.2689667,
  "source": "runtime_update",
  "step_id": 78,
  "alpha_comp": {
    "0": 2.4898885704605243,
    "1": 0.8003094850098217,
    "2": 0.9052376491484024,
    "3": 0.8003094850098217
  },
  "beta_comm": {
    "0": 0.8004266933604209,
    "1": 0.8450853150809726,
    "2": 0.9188582695296202,
    "3": 0.9263528952443365
  },
  "partition": {
    "gpu_assignment": [
      0,
      1,
      2,
      3
    ],
    "snet_partition": [
      4,
      11,
      18,
      24
    ],
    "tnet_partition": [
      5,
      8,
      7,
      10
    ]
  }
}