{
  "timestamp": 1774938159.7044756,
  "trigger_policy": "REPLAN",
  "step_id": 350,
  "partition": {
    "gpu_assignment": [
      0,
      1,
      2,
      3
    ],
    "snet_partition": [
      15,
      9,
      19,
      14
    ],
    "tnet_partition": [
      12,
      4,
      7,
      7
    ],
    "snet_stage_boundaries": [
      [
        0,
        15
      ],
      [
        15,
        24
      ],
      [
        24,
        43
      ],
      [
        43,
        57
      ]
    ],
    "tnet_stage_boundaries": [
      [
        0,
        12
      ],
      [
        12,
        16
      ],
      [
        16,
        23
      ],
      [
        23,
        30
      ]
    ]
  },
  "alpha_comp": {
    "0": 0.816458871662965,
    "1": 1.4414510687126623,
    "2": 0.9077285172029014,
    "3": 1.605550371057141
  },
  "beta_comm": {
    "0": 1.4082656882138431,
    "1": 1.8424494635328112,
    "2": 1.7212338053884504,
    "3": 1.0152239386971942
  },
  "restart_overhead": {
    "formula": "4.37 + 50 * T_base",
    "t_base": 0.6394314765930176,
    "value": 36.341573829650876
  },
  "checkpoint_path": "./results/e2e_failover_degrade_probe/failover_checkpoint_latest.pth"
}