{
  "timestamp": 1774886670.9020996,
  "trigger_policy": "REPLAN",
  "step_id": 420,
  "partition": {
    "gpu_assignment": [
      0,
      1,
      2,
      3
    ],
    "snet_partition": [
      6,
      3,
      37,
      11
    ],
    "tnet_partition": [
      6,
      4,
      15,
      5
    ],
    "snet_stage_boundaries": [
      [
        0,
        6
      ],
      [
        6,
        9
      ],
      [
        9,
        46
      ],
      [
        46,
        57
      ]
    ],
    "tnet_stage_boundaries": [
      [
        0,
        6
      ],
      [
        6,
        10
      ],
      [
        10,
        25
      ],
      [
        25,
        30
      ]
    ]
  },
  "alpha_comp": {
    "0": 2.9279516202372493,
    "1": 1.9117337323012131,
    "2": 0.5002616842378246,
    "3": 2.475712102844035
  },
  "beta_comm": {
    "0": 1.0306111548651342,
    "1": 1.9291697016254523,
    "2": 0.9552238845815927,
    "3": 2.594913674934096
  },
  "restart_overhead": {
    "formula": "4.37 + 50 * T_base",
    "t_base": 0.2298654317855835,
    "value": 15.863271589279176
  },
  "checkpoint_path": "./results/e2e_failover_replan_probe/failover_checkpoint_latest.pth"
}