{
  "timestamp": 1775005781.581782,
  "source": "runtime_update",
  "step_id": 193,
  "alpha_comp": {
    "0": 1.7398906985749611,
    "2": 0.8156302203093978,
    "3": 0.9999999999999849,
    "1": 1.4236811137484113
  },
  "beta_comm": {
    "0": 0.8547111213606814,
    "2": 2.6349448172342353,
    "3": 1.0000000000000087,
    "1": 2.0462650498382144
  },
  "partition": {
    "gpu_assignment": [
      0,
      2,
      3
    ],
    "snet_partition": [
      13,
      19,
      25
    ],
    "tnet_partition": [
      11,
      8,
      11
    ]
  }
}