{
  "timestamp": 1775398423.3501735,
  "source": "runtime_update",
  "step_id": 982,
  "alpha_comp": {
    "0": 0.9669048303176082,
    "1": 0.8000000000000003,
    "2": 0.8000000000000003,
    "3": 0.8000000000000003
  },
  "beta_comm": {
    "0": 0.8138758283316818,
    "1": 0.8113533282854073,
    "2": 0.9211601960692946,
    "3": 0.8144165091699225
  },
  "partition": {
    "gpu_assignment": [
      0,
      1,
      2,
      3
    ],
    "snet_partition": [
      10,
      11,
      16,
      20
    ],
    "tnet_partition": [
      9,
      6,
      6,
      9
    ]
  }
}