{
  "timestamp": 1775004950.4611998,
  "source": "runtime_update",
  "step_id": 193,
  "alpha_comp": {
    "0": 1.0752299846620272,
    "1": 0.802554531414215,
    "2": 0.8001146793637247,
    "3": 0.8000000000000026
  },
  "beta_comm": {
    "0": 0.9955999177437354,
    "1": 1.5665572413010622,
    "2": 1.2959573705362706,
    "3": 1.0616106883280725
  },
  "partition": {
    "gpu_assignment": [
      0,
      1,
      2,
      3
    ],
    "snet_partition": [
      9,
      13,
      15,
      20
    ],
    "tnet_partition": [
      9,
      6,
      6,
      9
    ]
  }
}