{
  "timestamp": 1775022962.6320646,
  "source": "bootstrap_restore",
  "step_id": 480,
  "alpha_comp": {
    "0": 6.219607795037477,
    "1": 1.0248470513291816,
    "2": 0.8025052351448655,
    "3": 0.8000001615686836
  },
  "beta_comm": {
    "0": 1.954870905478027,
    "1": 1.0503510866460402,
    "2": 1.2881346242062308,
    "3": 1.0050521806824317
  },
  "partition": {
    "gpu_assignment": [
      0,
      1,
      2,
      3
    ],
    "snet_partition": [
      4,
      7,
      20,
      26
    ],
    "tnet_partition": [
      4,
      7,
      8,
      11
    ]
  }
}