{
  "timestamp": 1775022877.8920457,
  "trigger_policy": "REPLAN",
  "step_id": 480,
  "partition": {
    "gpu_assignment": [
      0,
      1,
      2,
      3
    ],
    "snet_partition": [
      4,
      7,
      20,
      26
    ],
    "tnet_partition": [
      4,
      7,
      8,
      11
    ],
    "snet_stage_boundaries": [
      [
        0,
        4
      ],
      [
        4,
        11
      ],
      [
        11,
        31
      ],
      [
        31,
        57
      ]
    ],
    "tnet_stage_boundaries": [
      [
        0,
        4
      ],
      [
        4,
        11
      ],
      [
        11,
        19
      ],
      [
        19,
        30
      ]
    ]
  },
  "alpha_comp": {
    "0": 6.219607795037477,
    "1": 1.0248470513291816,
    "2": 0.8025052351448655,
    "3": 0.8000001615686836
  },
  "beta_comm": {
    "0": 1.954870905478027,
    "1": 1.0503510866460402,
    "2": 1.2881346242062308,
    "3": 1.0050521806824317
  },
  "restart_overhead": {
    "formula": "4.37 + 50 * T_base",
    "t_base": 0.15947329998016357,
    "value": 12.34366499900818
  },
  "checkpoint_path": "./results/e2e_failover_0401_128/failover_checkpoint_latest.pth"
}